{
  "session_length": 0.010396593250334263,
  "session_age_seconds": 0.0,
  "n_recent_views": 0.00396891450509429,
  "candidate_in_recent_views": 0.9412234425544739,
  "candidate_avg_rating": 0.005572214722633362,
  "candidate_price": 0.002544593531638384,
  "candidate_review_count": 0.0345197431743145,
  "time_of_day": 0.0017745427321642637,
  "device_mobile": 0.0
}